Day,modern cre8ve - Previous Clicks,modern cre8ve - Current Clicks,modern cre8ve - Previous Impressions,modern cre8ve - Current Impressions,modern cre8ve - Previous CTR,modern cre8ve - Current CTR,modern cre8ve - Previous Position,modern cre8ve - Current Position,sophisticated custom furniture pieces - Previous Clicks,sophisticated custom furniture pieces - Current Clicks,sophisticated custom furniture pieces - Previous Impressions,sophisticated custom furniture pieces - Current Impressions,sophisticated custom furniture pieces - Previous CTR,sophisticated custom furniture pieces - Current CTR,sophisticated custom furniture pieces - Previous Position,sophisticated custom furniture pieces - Current Position,moderncre8ve - Previous Clicks,moderncre8ve - Current Clicks,moderncre8ve - Previous Impressions,moderncre8ve - Current Impressions,moderncre8ve - Previous CTR,moderncre8ve - Current CTR,moderncre8ve - Previous Position,moderncre8ve - Current Position,modern custom furniture designs - Previous Clicks,modern custom furniture designs - Current Clicks,modern custom furniture designs - Previous Impressions,modern custom furniture designs - Current Impressions,modern custom furniture designs - Previous CTR,modern custom furniture designs - Current CTR,modern custom furniture designs - Previous Position,modern custom furniture designs - Current Position,scandinavian furniture - Previous Clicks,scandinavian furniture - Current Clicks,scandinavian furniture - Previous Impressions,scandinavian furniture - Current Impressions,scandinavian furniture - Previous CTR,scandinavian furniture - Current CTR,scandinavian furniture - Previous Position,scandinavian furniture - Current Position
2025-11-30,0,1,1,3,0.00%,33.33%,1.00,1.00,7,,143,,4.90%,,2.40,,0,0,2,2,0.00%,0.00%,1.00,1.00,6,,146,,4.11%,,1.33,,0,0,74,32,0.00%,0.00%,14.80,54.63
2025-12-01,,1,,2,,50.00%,,1.00,6,,129,,4.65%,,2.35,,1,0,3,3,33.33%,0.00%,1.00,1.33,5,,134,,3.73%,,1.22,,0,0,39,24,0.00%,0.00%,20.23,35.00
2025-12-02,0,0,2,1,0.00%,0.00%,1.00,1.00,6,,168,,3.57%,,2.20,,5,,5,,100.00%,,1.00,,8,,171,,4.68%,,1.69,,0,0,28,14,0.00%,0.00%,25.82,28.43
2025-12-03,,4,,4,,100.00%,,1.00,5,,145,,3.45%,,2.95,,0,0,1,1,0.00%,0.00%,1.00,1.00,4,,145,,2.76%,,1.78,,0,0,35,9,0.00%,0.00%,20.09,31.56
2025-12-04,,0,,1,,0.00%,,1.00,7,,110,,6.36%,,4.18,,1,,1,,100.00%,,1.00,,3,,107,,2.80%,,1.64,,0,0,24,10,0.00%,0.00%,24.46,29.60
2025-12-05,,0,,8,,0.00%,,28.88,7,,165,,4.24%,,4.42,,,1,,11,,9.09%,,38.09,2,,129,,1.55%,,1.94,,1,0,16,15,6.25%,0.00%,43.25,28.67
2025-12-06,,0,,1,,0.00%,,1.00,4,,147,,2.72%,,5.13,,0,1,2,1,0.00%,100.00%,1.00,1.00,9,,145,,6.21%,,1.97,,0,0,20,17,0.00%,0.00%,33.75,28.88
2025-12-07,,2,,4,,50.00%,,1.00,11,,120,,9.17%,,4.98,,0,1,2,4,0.00%,25.00%,1.00,1.50,0,,129,,0.00%,,1.74,,0,0,24,26,0.00%,0.00%,28.58,25.08
2025-12-08,1,0,1,2,100.00%,0.00%,1.00,1.00,11,,105,,10.48%,,4.22,,0,0,1,1,0.00%,0.00%,1.00,1.00,4,,113,,3.54%,,1.81,,0,0,15,42,0.00%,0.00%,50.67,31.24
2025-12-09,,1,,1,,100.00%,,1.00,6,,100,,6.00%,,3.88,,0,,1,,0.00%,,1.00,,3,,102,,2.94%,,1.65,,0,0,11,27,0.00%,0.00%,49.45,27.07
2025-12-10,,,,,,,,,11,,131,,8.40%,,3.89,,2,2,2,2,100.00%,100.00%,1.00,1.00,3,,119,,2.52%,,1.44,,0,0,10,16,0.00%,0.00%,58.20,32.88
2025-12-11,,0,,1,,0.00%,,1.00,9,,124,,7.26%,,4.15,,1,,2,,50.00%,,1.00,,4,,101,,3.96%,,1.32,,0,0,9,9,0.00%,0.00%,47.44,28.44
2025-12-12,,1,,3,,33.33%,,1.00,0,,20,,0.00%,,3.70,,0,,2,,0.00%,,1.00,,1,,18,,5.56%,,1.44,,0,0,21,26,0.00%,0.00%,28.10,28.31
2025-12-13,,0,,6,,0.00%,,36.50,0,,7,,0.00%,,3.00,,1,0,1,14,100.00%,0.00%,1.00,43.00,0,,3,,0.00%,,1.33,,1,0,19,32,5.26%,0.00%,45.79,33.50
2025-12-14,,1,,2,,50.00%,,1.00,1,,6,,16.67%,,4.50,,2,,3,,66.67%,,1.00,,0,,1,,0.00%,,2.00,,0,0,22,22,0.00%,0.00%,28.50,33.91
2025-12-15,0,,1,,0.00%,,1.00,,0,,4,,0.00%,,3.50,,0,1,1,1,0.00%,100.00%,1.00,1.00,0,,5,,0.00%,,1.40,,0,0,17,28,0.00%,0.00%,22.41,31.21
2025-12-16,,,,,,,,,0,,5,,0.00%,,7.20,,1,2,2,3,50.00%,66.67%,1.00,1.00,1,,5,,20.00%,,2.60,,1,0,22,12,4.55%,0.00%,48.68,28.42
2025-12-17,,,,,,,,,0,,2,,0.00%,,4.00,,,0,,1,,0.00%,,1.00,0,,2,,0.00%,,1.50,,0,0,16,11,0.00%,0.00%,27.56,29.55
2025-12-18,,0,,1,,0.00%,,1.00,0,,1,,0.00%,,4.00,,1,,2,,50.00%,,1.00,,0,,3,,0.00%,,1.67,,0,0,9,16,0.00%,0.00%,66.56,32.63
2025-12-19,,1,,9,,11.11%,,30.11,1,,2,,50.00%,,6.00,,2,1,2,4,100.00%,25.00%,1.00,1.00,1,,5,,20.00%,,1.20,,0,0,11,31,0.00%,0.00%,72.27,45.45
2025-12-20,,,,,,,,,0,,3,,0.00%,,4.00,,,1,,9,,11.11%,,43.56,0,,3,,0.00%,,1.67,,0,0,10,32,0.00%,0.00%,71.90,43.38
2025-12-21,3,0,4,1,75.00%,0.00%,1.00,1.00,0,,3,,0.00%,,4.67,,1,0,4,3,25.00%,0.00%,1.00,1.00,0,,3,,0.00%,,3.00,,0,0,6,30,0.00%,0.00%,55.00,33.07
2025-12-22,,1,,2,,50.00%,,1.00,0,,4,,0.00%,,3.00,,,1,,2,,50.00%,,1.00,0,,5,,0.00%,,3.00,,0,0,9,24,0.00%,0.00%,57.78,36.08
2025-12-23,,1,,1,,100.00%,,1.00,0,,2,,0.00%,,2.00,,1,,2,,50.00%,,4.00,,0,,5,,0.00%,,2.80,,0,0,9,17,0.00%,0.00%,73.78,40.53
2025-12-24,0,,1,,0.00%,,1.00,,0,,5,,0.00%,,1.80,,1,,1,,100.00%,,1.00,,0,,3,,0.00%,,2.67,,0,0,5,9,0.00%,0.00%,67.40,28.22
2025-12-25,,1,,1,,100.00%,,1.00,0,,5,,0.00%,,1.00,,3,1,5,1,60.00%,100.00%,1.00,1.00,0,,6,,0.00%,,3.00,,0,0,8,14,0.00%,0.00%,71.25,37.57
2025-12-26,0,0,1,8,0.00%,0.00%,1.00,33.75,0,,4,,0.00%,,1.00,,1,0,2,10,50.00%,0.00%,1.00,41.40,0,,6,,0.00%,,2.83,,0,0,7,14,0.00%,0.00%,61.43,33.36
2025-12-27,1,1,2,1,50.00%,100.00%,1.00,1.00,0,,7,,0.00%,,1.00,,1,,2,,50.00%,,1.00,,0,,6,,0.00%,,2.17,,0,0,9,30,0.00%,0.00%,58.67,33.07
2025-12-28,,1,,2,,50.00%,,1.00,0,,9,,0.00%,,1.11,,3,,4,,75.00%,,1.00,,0,,5,,0.00%,,2.20,,1,0,11,26,9.09%,0.00%,54.45,33.23
2025-12-29,,,,,,,,,0,,7,,0.00%,,1.57,,3,,4,,75.00%,,1.00,,0,,4,,0.00%,,1.75,,0,0,4,23,0.00%,0.00%,63.25,29.13
2025-12-30,,2,,2,,100.00%,,1.00,0,,8,,0.00%,,1.63,,,1,,2,,50.00%,,1.00,0,,9,,0.00%,,1.22,,0,0,10,20,0.00%,0.00%,54.50,29.20
2025-12-31,,2,,2,,100.00%,,1.00,0,,7,,0.00%,,1.43,,0,0,1,1,0.00%,0.00%,1.00,1.00,1,,11,,9.09%,,1.45,,0,0,9,12,0.00%,0.00%,68.44,29.58
2026-01-01,,1,,2,,50.00%,,1.00,0,,2,,0.00%,,2.00,,0,,6,,0.00%,,1.00,,0,,1,,0.00%,,1.00,,1,0,9,14,11.11%,0.00%,46.67,29.43
2026-01-02,2,,4,,50.00%,,1.00,,,,,,,,,,1,,2,,50.00%,,1.00,,,,,,,,,,0,0,8,17,0.00%,0.00%,59.50,27.47
2026-01-03,1,0,1,7,100.00%,0.00%,1.00,8.86,,,,,,,,,3,4,6,6,50.00%,66.67%,1.00,1.00,,,,,,,,,0,0,11,28,0.00%,0.00%,74.91,30.36
2026-01-04,,1,,6,,16.67%,,10.50,,,,,,,,,0,2,1,3,0.00%,66.67%,1.00,1.00,,,,,,,,,0,0,9,22,0.00%,0.00%,64.56,31.64
2026-01-05,0,1,1,2,0.00%,50.00%,1.00,1.00,,,,,,,,,1,1,1,1,100.00%,100.00%,1.00,1.00,,,,,,,,,0,1,11,39,0.00%,2.56%,70.00,24.15
2026-01-06,0,0,1,1,0.00%,0.00%,1.00,1.00,,,,,,,,,2,0,6,20,33.33%,0.00%,1.00,24.70,,,,,,,,,0,1,5,121,0.00%,0.83%,72.80,19.18
2026-01-07,0,1,1,1,0.00%,100.00%,1.00,1.00,,,,,,,,,2,0,4,1,50.00%,0.00%,1.00,1.00,,,,,,,,,0,0,9,100,0.00%,0.00%,70.56,20.98
2026-01-08,,0,,1,,0.00%,,1.00,,,,,,,,,2,,4,,50.00%,,1.00,,,,,,,,,,0,0,6,96,0.00%,0.00%,56.00,15.60
2026-01-09,,0,,5,,0.00%,,18.20,1,,2,,50.00%,,2.00,,,1,,1,,100.00%,,1.00,0,,2,,0.00%,,2.00,,0,0,13,104,0.00%,0.00%,60.92,23.71
2026-01-10,0,3,2,4,0.00%,75.00%,1.00,1.00,1,,1,,100.00%,,2.00,,0,1,5,3,0.00%,33.33%,1.00,1.00,0,,3,,0.00%,,2.33,,0,0,10,109,0.00%,0.00%,58.60,36.24
2026-01-11,2,2,2,4,100.00%,50.00%,1.00,1.00,0,,2,,0.00%,,2.00,,0,0,4,1,0.00%,0.00%,1.75,1.00,0,,1,,0.00%,,1.00,,0,1,8,86,0.00%,1.16%,61.00,32.51
2026-01-12,,,,,,,,,0,,2,,0.00%,,1.50,,0,,3,,0.00%,,1.00,,0,,1,,0.00%,,3.00,,0,3,7,78,0.00%,3.85%,53.57,28.36
2026-01-13,,1,,1,,100.00%,,1.00,0,,2,,0.00%,,1.00,,1,,2,,50.00%,,1.00,,,,,,,,,,0,0,10,94,0.00%,0.00%,51.40,40.46
2026-01-14,2,4,2,5,100.00%,80.00%,1.00,1.00,,,,,,,,,3,,3,,100.00%,,1.00,,,,,,,,,,0,2,4,29,0.00%,6.90%,49.00,17.79
2026-01-15,,1,,1,,100.00%,,1.00,0,,2,,0.00%,,3.00,,,,,,,,,,0,,2,,0.00%,,1.00,,0,0,6,54,0.00%,0.00%,44.67,17.07
2026-01-16,0,5,1,13,0.00%,38.46%,1.00,12.46,0,,1,,0.00%,,1.00,,1,1,1,1,100.00%,100.00%,1.00,1.00,0,,2,,0.00%,,3.50,,0,1,9,56,0.00%,1.79%,51.11,17.59
2026-01-17,0,2,1,3,0.00%,66.67%,1.00,1.00,1,,1,,100.00%,,6.00,,,0,,11,,0.00%,,31.45,0,,1,,0.00%,,3.00,,0,0,11,88,0.00%,0.00%,45.91,22.45
2026-01-18,1,0,1,1,100.00%,0.00%,1.00,1.00,0,,3,,0.00%,,1.00,,0,1,1,10,0.00%,10.00%,1.00,9.90,0,,2,,0.00%,,2.00,,0,1,17,66,0.00%,1.52%,38.00,20.88
2026-01-19,0,1,1,1,0.00%,100.00%,1.00,1.00,0,,1,,0.00%,,1.00,,2,1,3,3,66.67%,33.33%,1.00,7.33,,,,,,,,,0,1,25,72,0.00%,1.39%,37.44,17.88
2026-01-20,0,1,1,1,0.00%,100.00%,1.00,1.00,0,,2,,0.00%,,2.50,,1,1,3,4,33.33%,25.00%,1.00,1.50,0,,5,,0.00%,,2.20,,0,0,27,66,0.00%,0.00%,47.56,14.59
2026-01-21,,1,,2,,50.00%,,1.00,1,,2,,50.00%,,2.50,,1,1,2,2,50.00%,50.00%,1.00,1.00,0,,1,,0.00%,,2.00,,0,2,12,59,0.00%,3.39%,62.33,16.63
2026-01-22,,1,,1,,100.00%,,1.00,0,,4,,0.00%,,2.00,,1,,3,,33.33%,,1.00,,,,,,,,,,0,1,10,36,0.00%,2.78%,57.40,14.11
2026-01-23,,1,,13,,7.69%,,25.23,,,,,,,,,2,0,3,2,66.67%,0.00%,1.00,1.00,,,,,,,,,0,0,6,87,0.00%,0.00%,57.00,15.28
2026-01-24,1,2,3,2,33.33%,100.00%,1.00,1.00,,,,,,,,,1,1,2,10,50.00%,10.00%,1.00,34.80,,,,,,,,,0,1,15,55,0.00%,1.82%,57.07,19.73
2026-01-25,0,2,1,2,0.00%,100.00%,1.00,1.00,,,,,,,,,2,2,2,4,100.00%,50.00%,1.00,1.00,,,,,,,,,0,0,33,46,0.00%,0.00%,56.33,19.80
2026-01-26,,,,,,,,,,,,,,,,,2,1,3,2,66.67%,50.00%,1.00,1.00,,,,,,,,,0,0,17,96,0.00%,0.00%,55.41,29.34
2026-01-27,1,1,2,2,50.00%,50.00%,1.00,1.00,,,,,,,,,0,3,1,3,0.00%,100.00%,1.00,1.00,,,,,,,,,0,0,11,67,0.00%,0.00%,60.64,16.42
2026-01-28,0,2,1,2,0.00%,100.00%,1.00,1.00,,,,,,,,,0,0,1,1,0.00%,0.00%,1.00,1.00,,,,,,,,,0,0,9,51,0.00%,0.00%,55.22,17.37
2026-01-29,,1,,4,,25.00%,,1.00,,,,,,,,,,,,,,,,,,,,,,,,,0,0,9,94,0.00%,0.00%,66.89,14.91
2026-01-30,0,1,1,8,0.00%,12.50%,1.00,9.88,,,,,,,,,2,1,3,5,66.67%,20.00%,1.00,12.60,0,,1,,0.00%,,3.00,,0,0,11,118,0.00%,0.00%,65.00,17.46
2026-01-31,,1,,1,,100.00%,,1.00,,,,,,,,,3,1,6,9,50.00%,11.11%,1.00,33.56,,,,,,,,,0,0,12,135,0.00%,0.00%,69.00,13.49
2026-02-01,,1,,3,,33.33%,,1.00,,,,,,,,,1,1,4,2,25.00%,50.00%,1.00,1.00,,,,,,,,,0,0,13,71,0.00%,0.00%,60.62,13.25
2026-02-02,,,,,,,,,,,,,,,,,,,,,,,,,,,,,,,,,0,0,13,85,0.00%,0.00%,69.38,19.12
2026-02-03,,0,,1,,0.00%,,1.00,,,,,,,,,1,0,1,1,100.00%,0.00%,1.00,1.00,,,,,,,,,0,0,18,79,0.00%,0.00%,67.61,17.53
2026-02-04,,2,,3,,66.67%,,1.00,,,,,,,,,0,1,1,1,0.00%,100.00%,1.00,1.00,,,,,,,,,0,0,18,74,0.00%,0.00%,64.61,16.74
2026-02-05,0,,1,,0.00%,,1.00,,,,,,,,,,0,1,2,1,0.00%,100.00%,1.00,1.00,,,,,,,,,1,0,18,64,5.56%,0.00%,65.39,18.72
2026-02-06,0,0,1,10,0.00%,0.00%,1.00,24.70,,,,,,,,,1,,1,,100.00%,,1.00,,,,,,,,,,0,0,10,66,0.00%,0.00%,65.40,16.95
2026-02-07,1,,1,,100.00%,,1.00,,,,,,,,,,0,0,3,9,0.00%,0.00%,1.00,12.00,,,,,,,,,0,1,15,90,0.00%,1.11%,60.40,20.30
2026-02-08,0,,1,,0.00%,,1.00,,,,,,,,,,0,0,1,2,0.00%,0.00%,1.00,1.00,,,,,,,,,0,0,21,62,0.00%,0.00%,60.10,21.11
2026-02-09,0,1,2,2,0.00%,50.00%,1.00,1.00,,,,,,,,,1,2,2,4,50.00%,50.00%,1.00,1.00,,,,,,,,,0,1,16,68,0.00%,1.47%,58.81,22.12
2026-02-10,1,1,2,3,50.00%,33.33%,1.00,1.00,,,,,,,,,1,,1,,100.00%,,1.00,,,,,,,,,,0,0,11,23,0.00%,0.00%,64.64,30.87
2026-02-11,0,1,1,1,0.00%,100.00%,1.00,1.00,,,,,,,,,0,,1,,0.00%,,1.00,,,,,,,,,,0,0,8,16,0.00%,0.00%,63.38,24.63
2026-02-12,1,1,1,2,100.00%,50.00%,1.00,1.00,,,,,,,,,,0,,1,,0.00%,,1.00,,,,,,,,,0,0,9,18,0.00%,0.00%,67.00,27.22
2026-02-13,,1,,6,,16.67%,,3.67,,,,,,,,,0,5,1,5,0.00%,100.00%,1.00,1.00,,,,,,,,,0,0,10,38,0.00%,0.00%,63.70,22.18
2026-02-14,,4,,7,,57.14%,,4.43,,,,,,,,,1,6,3,12,33.33%,50.00%,1.00,1.00,,,,,,,,,0,0,13,119,0.00%,0.00%,59.00,14.23
2026-02-15,,3,,4,,75.00%,,1.00,,,,,,,,,,2,,6,,33.33%,,1.00,,,,,,,,,0,0,21,81,0.00%,0.00%,60.05,15.12
2026-02-16,,3,,5,,60.00%,,1.00,,,,,,,,,,0,,3,,0.00%,,1.00,,,,,,,,,0,0,21,87,0.00%,0.00%,58.67,15.29
2026-02-17,0,9,1,10,0.00%,90.00%,1.00,1.00,,,,,,,,,1,2,1,2,100.00%,100.00%,1.00,1.00,,,,,,,,,0,1,9,93,0.00%,1.08%,59.78,14.38
2026-02-18,0,3,1,3,0.00%,100.00%,1.00,1.00,,,,,,,,,0,0,2,2,0.00%,0.00%,1.00,1.00,,,,,,,,,0,0,10,26,0.00%,0.00%,59.20,15.77
2026-02-19,,1,,2,,50.00%,,1.00,,,,,,,,,,1,,2,,50.00%,,1.00,,,,,,,,,,0,,25,,0.00%,,19.52
2026-02-20,,2,,4,,50.00%,,1.00,,,,,,,,,,2,,4,,50.00%,,1.00,,,,,,,,,,0,,45,,0.00%,,21.42
2026-02-21,,0,,1,,0.00%,,11.00,,,,,,,,,,1,,5,,20.00%,,1.00,,,,,,,,,,1,,119,,0.84%,,14.43
2026-02-22,,4,,4,,100.00%,,1.00,,,,,,,,,1,,2,,50.00%,,1.00,,0,,1,,0.00%,,2.00,,0,0,16,74,0.00%,0.00%,61.06,13.16
2026-02-23,,,,,,,,,,,,,,,,,,2,,2,,100.00%,,1.00,,,,,,,,,,0,,87,,0.00%,,14.29
2026-02-24,,1,,1,,100.00%,,1.00,0,,1,,0.00%,,1.00,,,1,,1,,100.00%,,1.00,,,,,,,,,0,2,11,94,0.00%,2.13%,67.09,11.85
2026-02-25,,3,,4,,75.00%,,1.00,,,,,,,,,1,1,2,1,50.00%,100.00%,1.00,1.00,,,,,,,,,0,0,9,67,0.00%,0.00%,74.33,11.58
2026-02-26,,3,,3,,100.00%,,1.00,0,,1,,0.00%,,1.00,,,,,,,,,,,,,,,,,,0,0,7,88,0.00%,0.00%,77.29,13.75