Redirect from,Redirect to
/pages/contact,/pages/contact-us
/about-us,/pages/about-us
/pages/about,/pages/about-us
/pages/materials-process,/pages/custom-furniture-crafted-to-perfection
/pages/custom-furniture,/pages/custom-furniture-crafted-to-perfection
/pages/materials,/pages/custom-furniture-crafted-to-perfection
/our-amish-craftsmanship,/pages/custom-furniture-crafted-to-perfection
/learn-more-craftsmanship,/pages/custom-furniture-crafted-to-perfection
/warranty-and-guarantee,/pages/shipping-policy-and-customer-responsibilities
/pages/sustainability,/
/blogs/news,/blogs/mid-century-modern-scandi-japandi-design-blog
/blogs/mid-century-modern-scandi-japandi-design-blog/how-to-choose-the-perfect-dining-table,/blogs/mid-century-modern-scandi-japandi-design-blog
/blogs/news/solid-wood-furniture-care-guide,/blogs/mid-century-modern-scandi-japandi-design-blog
/blogs/news/58430660-we-are-an-etsy-featured-shop-sept-2015,/blogs/mid-century-modern-scandi-japandi-design-blog
/blogs/news/uncovering-the-beauty-and-durability-of-black-walnut-wood-the-ultimate-guide,/blogs/mid-century-modern-scandi-japandi-design-blog
/collections/japandi-scandi-mid-century-modern-furniture,/collections/all-products
/collections/new-products,/collections/all-products
/collections/modern-bedroom-furniture,/collections/all-products
/collections/scandinavian-mid-century-modern,/collections/all-products
/collections/materials-process,/collections/all-products
/collections/mid-century-modern-furniture,/collections/all-products
/collections/budget-friendly-furniture,/collections/all-products
/collections/wood-furniture,/collections/all-products
/collections/mid-century-modern-bedroom-furniture,/collections/all-products
/collections/scandinavian-furniture,/collections/all-products
/collections/japandi-furniture,/collections/all-products
/collections/minimalist-furniture,/collections/all-products
/collections/cost-effective-furniture,/collections/all-products
/collections/designer-furniture-on-a-budget,/collections/all-products
/collections/quality-furniture,/collections/all-products
/collections/mid-century-modern-style,/collections/all-products
/collections/scandi-style,/collections/all-products
/collections/japandi-style,/collections/all-products
/collections/solid-wood-furniture,/collections/all-products
/collections/curated-furniture-collections,/collections/all-products
/collections/value-driven-furniture,/collections/all-products
/collections/premium-furniture-at-affordable-prices,/collections/all-products
/collections/minimalist-living-room-essentials,/collections/all-products
/collections/global-design-influences,/collections/all-products
/collections/modern-home-furnishings,/collections/all-products
/collections/solid-wood-furniture-under-1000,/collections/all-products
/collections/mid-century-modern-home-decor,/collections/all-products
/collections/curated-style,/collections/all-products
/collections/finishes,/collections/all-products
/collections/custom-chairs,/collections/all-products
/collections/walnut-furniture,/collections/all-products
/collections/mid-century-modern-dining-chairs,/collections/all-products
/collections/dining-benches,/collections/all-products
/collections/bedroom-benches,/collections/all-products
/collections/solid-wood-dining-tables,/collections/all-products
/collections/modern-wood-furniture,/collections/all-products
/collections/dining-chairs,/collections/all-products
/products/small-dressers,/collections/all-products
/products/solid-wood-queen-bed-frames,/collections/all-products
/products/rustic-oak-bed-frames,/collections/all-products
/products/low-profile-queen-bed-frames,/collections/all-products
/products/narrow-wooden-console-tables,/collections/all-products
/products/modern-wooden-side-tables,/collections/all-products
/products/king-platform-bed-with-storage,/collections/all-products
/products/round-mid-century-dining-tables,/collections/all-products
/products/modern-round-coffee-tables,/collections/all-products
/products/contemporary-queen-platform-beds,/collections/all-products
/products/mid-century-modern-walnut-dressers,/collections/all-products
/products/walnut-dining-tables,/collections/all-products
/products/the-lucerne-handcrafted-scandinavian-dining-table,/collections/all-products
/your-link-to-Scandinavian-decor,/
/your-link-to-Boho-headboard,/
/your-link-to-modern-living-room-furniture,/
/your-link-to-mid-century-modern-lamp,/
/your-link-to-art-deco-living-room,/
/your-link-to-round-coffee-tables,/
/your-link-to-nesting-tables,/
/your-link-to-modern-sideboards,/
/your-link-to-marble-side-tables,/
/your-link-to-walnut-floating-shelves,/
/your-link-to-minimalist-decor,/
/your-link-to-maximalist-home-decor,/
