rank,name,metric,period,segment,notes
1,,N/A,N/A,N/A,Unable to retrieve customer data from database in this environment
2,,N/A,N/A,N/A,Unable to retrieve customer data from database in this environment
3,,N/A,N/A,N/A,Unable to retrieve customer data from database in this environment
4,,N/A,N/A,N/A,Unable to retrieve customer data from database in this environment
5,,N/A,N/A,N/A,Unable to retrieve customer data from database in this environment
6,,N/A,N/A,N/A,Unable to retrieve customer data from database in this environment
7,,N/A,N/A,N/A,Unable to retrieve customer data from database in this environment
8,,N/A,N/A,N/A,Unable to retrieve customer data from database in this environment
9,,N/A,N/A,N/A,Unable to retrieve customer data from database in this environment
10,,N/A,N/A,N/A,Unable to retrieve customer data from database in this environment
